filename,label
none/000000_synth_w0.png,none
none/000001_synth_w1.png,none
none/000002_synth_w2.png,none
none/000003_synth_w3.png,none
none/000004_synth_w4.png,none
none/000005_synth_w5.png,none
none/000006_synth_w6.png,none
none/000007_synth_w7.png,none
none/000008_synth_w8.png,none
none/000009_synth_w9.png,none
none/000010_synth_w10.png,none
none/000011_synth_w11.png,none
none/000012_synth_w12.png,none
none/000013_synth_w13.png,none
none/000014_synth_w14.png,none
none/000015_synth_w15.png,none
none/000016_synth_w16.png,none
none/000017_synth_w17.png,none
none/000018_synth_w18.png,none
none/000019_synth_w19.png,none
none/000020_synth_w20.png,none
none/000021_synth_w21.png,none
none/000022_synth_w22.png,none
none/000023_synth_w23.png,none
none/000024_synth_w24.png,none
none/000025_synth_w25.png,none
none/000026_synth_w26.png,none
none/000027_synth_w27.png,none
none/000028_synth_w28.png,none
none/000029_synth_w29.png,none
none/000030_synth_w30.png,none
none/000031_synth_w31.png,none
none/000032_synth_w32.png,none
none/000033_synth_w33.png,none
none/000034_synth_w34.png,none
none/000035_synth_w35.png,none
none/000036_synth_w36.png,none
none/000037_synth_w37.png,none
none/000038_synth_w38.png,none
none/000039_synth_w39.png,none
none/000040_synth_w40.png,none
none/000041_synth_w41.png,none
none/000042_synth_w42.png,none
none/000043_synth_w43.png,none
none/000044_synth_w44.png,none
none/000045_synth_w45.png,none
none/000046_synth_w46.png,none
none/000047_synth_w47.png,none
none/000048_synth_w48.png,none
none/000049_synth_w49.png,none
none/000050_synth_w50.png,none
none/000051_synth_w51.png,none
none/000052_synth_w52.png,none
none/000053_synth_w53.png,none
none/000054_synth_w54.png,none
none/000055_synth_w55.png,none
none/000056_synth_w56.png,none
none/000057_synth_w57.png,none
none/000058_synth_w58.png,none
none/000059_synth_w59.png,none
none/000060_synth_w60.png,none
none/000061_synth_w61.png,none
none/000062_synth_w62.png,none
none/000063_synth_w63.png,none
none/000064_synth_w64.png,none
none/000065_synth_w65.png,none
none/000066_synth_w66.png,none
none/000067_synth_w67.png,none
none/000068_synth_w68.png,none
none/000069_synth_w69.png,none
none/000070_synth_w70.png,none
none/000071_synth_w71.png,none
none/000072_synth_w72.png,none
none/000073_synth_w73.png,none
none/000074_synth_w74.png,none
none/000075_synth_w75.png,none
none/000076_synth_w76.png,none
none/000077_synth_w77.png,none
none/000078_synth_w78.png,none
none/000079_synth_w79.png,none
none/000080_synth_w80.png,none
none/000081_synth_w81.png,none
none/000082_synth_w82.png,none
none/000083_synth_w83.png,none
none/000084_synth_w84.png,none
none/000085_synth_w85.png,none
none/000086_synth_w86.png,none
none/000087_synth_w87.png,none
none/000088_synth_w88.png,none
none/000089_synth_w89.png,none
none/000090_synth_w90.png,none
none/000091_synth_w91.png,none
none/000092_synth_w92.png,none
none/000093_synth_w93.png,none
none/000094_synth_w94.png,none
none/000095_synth_w95.png,none
none/000096_synth_w96.png,none
none/000097_synth_w97.png,none
none/000098_synth_w98.png,none
none/000099_synth_w99.png,none
Center/000100_synth_w0.png,Center
Center/000101_synth_w1.png,Center
Center/000102_synth_w2.png,Center
Center/000103_synth_w3.png,Center
Center/000104_synth_w4.png,Center
Center/000105_synth_w5.png,Center
Center/000106_synth_w6.png,Center
Center/000107_synth_w7.png,Center
Center/000108_synth_w8.png,Center
Center/000109_synth_w9.png,Center
Center/000110_synth_w10.png,Center
Center/000111_synth_w11.png,Center
Center/000112_synth_w12.png,Center
Center/000113_synth_w13.png,Center
Center/000114_synth_w14.png,Center
Center/000115_synth_w15.png,Center
Center/000116_synth_w16.png,Center
Center/000117_synth_w17.png,Center
Center/000118_synth_w18.png,Center
Center/000119_synth_w19.png,Center
Center/000120_synth_w20.png,Center
Center/000121_synth_w21.png,Center
Center/000122_synth_w22.png,Center
Center/000123_synth_w23.png,Center
Center/000124_synth_w24.png,Center
Center/000125_synth_w25.png,Center
Center/000126_synth_w26.png,Center
Center/000127_synth_w27.png,Center
Center/000128_synth_w28.png,Center
Center/000129_synth_w29.png,Center
Center/000130_synth_w30.png,Center
Center/000131_synth_w31.png,Center
Center/000132_synth_w32.png,Center
Center/000133_synth_w33.png,Center
Center/000134_synth_w34.png,Center
Center/000135_synth_w35.png,Center
Center/000136_synth_w36.png,Center
Center/000137_synth_w37.png,Center
Center/000138_synth_w38.png,Center
Center/000139_synth_w39.png,Center
Center/000140_synth_w40.png,Center
Center/000141_synth_w41.png,Center
Center/000142_synth_w42.png,Center
Center/000143_synth_w43.png,Center
Center/000144_synth_w44.png,Center
Center/000145_synth_w45.png,Center
Center/000146_synth_w46.png,Center
Center/000147_synth_w47.png,Center
Center/000148_synth_w48.png,Center
Center/000149_synth_w49.png,Center
Center/000150_synth_w50.png,Center
Center/000151_synth_w51.png,Center
Center/000152_synth_w52.png,Center
Center/000153_synth_w53.png,Center
Center/000154_synth_w54.png,Center
Center/000155_synth_w55.png,Center
Center/000156_synth_w56.png,Center
Center/000157_synth_w57.png,Center
Center/000158_synth_w58.png,Center
Center/000159_synth_w59.png,Center
Center/000160_synth_w60.png,Center
Center/000161_synth_w61.png,Center
Center/000162_synth_w62.png,Center
Center/000163_synth_w63.png,Center
Center/000164_synth_w64.png,Center
Center/000165_synth_w65.png,Center
Center/000166_synth_w66.png,Center
Center/000167_synth_w67.png,Center
Center/000168_synth_w68.png,Center
Center/000169_synth_w69.png,Center
Center/000170_synth_w70.png,Center
Center/000171_synth_w71.png,Center
Center/000172_synth_w72.png,Center
Center/000173_synth_w73.png,Center
Center/000174_synth_w74.png,Center
Center/000175_synth_w75.png,Center
Center/000176_synth_w76.png,Center
Center/000177_synth_w77.png,Center
Center/000178_synth_w78.png,Center
Center/000179_synth_w79.png,Center
Center/000180_synth_w80.png,Center
Center/000181_synth_w81.png,Center
Center/000182_synth_w82.png,Center
Center/000183_synth_w83.png,Center
Center/000184_synth_w84.png,Center
Center/000185_synth_w85.png,Center
Center/000186_synth_w86.png,Center
Center/000187_synth_w87.png,Center
Center/000188_synth_w88.png,Center
Center/000189_synth_w89.png,Center
Center/000190_synth_w90.png,Center
Center/000191_synth_w91.png,Center
Center/000192_synth_w92.png,Center
Center/000193_synth_w93.png,Center
Center/000194_synth_w94.png,Center
Center/000195_synth_w95.png,Center
Center/000196_synth_w96.png,Center
Center/000197_synth_w97.png,Center
Center/000198_synth_w98.png,Center
Center/000199_synth_w99.png,Center
Donut/000200_synth_w0.png,Donut
Donut/000201_synth_w1.png,Donut
Donut/000202_synth_w2.png,Donut
Donut/000203_synth_w3.png,Donut
Donut/000204_synth_w4.png,Donut
Donut/000205_synth_w5.png,Donut
Donut/000206_synth_w6.png,Donut
Donut/000207_synth_w7.png,Donut
Donut/000208_synth_w8.png,Donut
Donut/000209_synth_w9.png,Donut
Donut/000210_synth_w10.png,Donut
Donut/000211_synth_w11.png,Donut
Donut/000212_synth_w12.png,Donut
Donut/000213_synth_w13.png,Donut
Donut/000214_synth_w14.png,Donut
Donut/000215_synth_w15.png,Donut
Donut/000216_synth_w16.png,Donut
Donut/000217_synth_w17.png,Donut
Donut/000218_synth_w18.png,Donut
Donut/000219_synth_w19.png,Donut
Donut/000220_synth_w20.png,Donut
Donut/000221_synth_w21.png,Donut
Donut/000222_synth_w22.png,Donut
Donut/000223_synth_w23.png,Donut
Donut/000224_synth_w24.png,Donut
Donut/000225_synth_w25.png,Donut
Donut/000226_synth_w26.png,Donut
Donut/000227_synth_w27.png,Donut
Donut/000228_synth_w28.png,Donut
Donut/000229_synth_w29.png,Donut
Donut/000230_synth_w30.png,Donut
Donut/000231_synth_w31.png,Donut
Donut/000232_synth_w32.png,Donut
Donut/000233_synth_w33.png,Donut
Donut/000234_synth_w34.png,Donut
Donut/000235_synth_w35.png,Donut
Donut/000236_synth_w36.png,Donut
Donut/000237_synth_w37.png,Donut
Donut/000238_synth_w38.png,Donut
Donut/000239_synth_w39.png,Donut
Donut/000240_synth_w40.png,Donut
Donut/000241_synth_w41.png,Donut
Donut/000242_synth_w42.png,Donut
Donut/000243_synth_w43.png,Donut
Donut/000244_synth_w44.png,Donut
Donut/000245_synth_w45.png,Donut
Donut/000246_synth_w46.png,Donut
Donut/000247_synth_w47.png,Donut
Donut/000248_synth_w48.png,Donut
Donut/000249_synth_w49.png,Donut
Donut/000250_synth_w50.png,Donut
Donut/000251_synth_w51.png,Donut
Donut/000252_synth_w52.png,Donut
Donut/000253_synth_w53.png,Donut
Donut/000254_synth_w54.png,Donut
Donut/000255_synth_w55.png,Donut
Donut/000256_synth_w56.png,Donut
Donut/000257_synth_w57.png,Donut
Donut/000258_synth_w58.png,Donut
Donut/000259_synth_w59.png,Donut
Donut/000260_synth_w60.png,Donut
Donut/000261_synth_w61.png,Donut
Donut/000262_synth_w62.png,Donut
Donut/000263_synth_w63.png,Donut
Donut/000264_synth_w64.png,Donut
Donut/000265_synth_w65.png,Donut
Donut/000266_synth_w66.png,Donut
Donut/000267_synth_w67.png,Donut
Donut/000268_synth_w68.png,Donut
Donut/000269_synth_w69.png,Donut
Donut/000270_synth_w70.png,Donut
Donut/000271_synth_w71.png,Donut
Donut/000272_synth_w72.png,Donut
Donut/000273_synth_w73.png,Donut
Donut/000274_synth_w74.png,Donut
Donut/000275_synth_w75.png,Donut
Donut/000276_synth_w76.png,Donut
Donut/000277_synth_w77.png,Donut
Donut/000278_synth_w78.png,Donut
Donut/000279_synth_w79.png,Donut
Donut/000280_synth_w80.png,Donut
Donut/000281_synth_w81.png,Donut
Donut/000282_synth_w82.png,Donut
Donut/000283_synth_w83.png,Donut
Donut/000284_synth_w84.png,Donut
Donut/000285_synth_w85.png,Donut
Donut/000286_synth_w86.png,Donut
Donut/000287_synth_w87.png,Donut
Donut/000288_synth_w88.png,Donut
Donut/000289_synth_w89.png,Donut
Donut/000290_synth_w90.png,Donut
Donut/000291_synth_w91.png,Donut
Donut/000292_synth_w92.png,Donut
Donut/000293_synth_w93.png,Donut
Donut/000294_synth_w94.png,Donut
Donut/000295_synth_w95.png,Donut
Donut/000296_synth_w96.png,Donut
Donut/000297_synth_w97.png,Donut
Donut/000298_synth_w98.png,Donut
Donut/000299_synth_w99.png,Donut
Edge-Ring/000300_synth_w0.png,Edge-Ring
Edge-Ring/000301_synth_w1.png,Edge-Ring
Edge-Ring/000302_synth_w2.png,Edge-Ring
Edge-Ring/000303_synth_w3.png,Edge-Ring
Edge-Ring/000304_synth_w4.png,Edge-Ring
Edge-Ring/000305_synth_w5.png,Edge-Ring
Edge-Ring/000306_synth_w6.png,Edge-Ring
Edge-Ring/000307_synth_w7.png,Edge-Ring
Edge-Ring/000308_synth_w8.png,Edge-Ring
Edge-Ring/000309_synth_w9.png,Edge-Ring
Edge-Ring/000310_synth_w10.png,Edge-Ring
Edge-Ring/000311_synth_w11.png,Edge-Ring
Edge-Ring/000312_synth_w12.png,Edge-Ring
Edge-Ring/000313_synth_w13.png,Edge-Ring
Edge-Ring/000314_synth_w14.png,Edge-Ring
Edge-Ring/000315_synth_w15.png,Edge-Ring
Edge-Ring/000316_synth_w16.png,Edge-Ring
Edge-Ring/000317_synth_w17.png,Edge-Ring
Edge-Ring/000318_synth_w18.png,Edge-Ring
Edge-Ring/000319_synth_w19.png,Edge-Ring
Edge-Ring/000320_synth_w20.png,Edge-Ring
Edge-Ring/000321_synth_w21.png,Edge-Ring
Edge-Ring/000322_synth_w22.png,Edge-Ring
Edge-Ring/000323_synth_w23.png,Edge-Ring
Edge-Ring/000324_synth_w24.png,Edge-Ring
Edge-Ring/000325_synth_w25.png,Edge-Ring
Edge-Ring/000326_synth_w26.png,Edge-Ring
Edge-Ring/000327_synth_w27.png,Edge-Ring
Edge-Ring/000328_synth_w28.png,Edge-Ring
Edge-Ring/000329_synth_w29.png,Edge-Ring
Edge-Ring/000330_synth_w30.png,Edge-Ring
Edge-Ring/000331_synth_w31.png,Edge-Ring
Edge-Ring/000332_synth_w32.png,Edge-Ring
Edge-Ring/000333_synth_w33.png,Edge-Ring
Edge-Ring/000334_synth_w34.png,Edge-Ring
Edge-Ring/000335_synth_w35.png,Edge-Ring
Edge-Ring/000336_synth_w36.png,Edge-Ring
Edge-Ring/000337_synth_w37.png,Edge-Ring
Edge-Ring/000338_synth_w38.png,Edge-Ring
Edge-Ring/000339_synth_w39.png,Edge-Ring
Edge-Ring/000340_synth_w40.png,Edge-Ring
Edge-Ring/000341_synth_w41.png,Edge-Ring
Edge-Ring/000342_synth_w42.png,Edge-Ring
Edge-Ring/000343_synth_w43.png,Edge-Ring
Edge-Ring/000344_synth_w44.png,Edge-Ring
Edge-Ring/000345_synth_w45.png,Edge-Ring
Edge-Ring/000346_synth_w46.png,Edge-Ring
Edge-Ring/000347_synth_w47.png,Edge-Ring
Edge-Ring/000348_synth_w48.png,Edge-Ring
Edge-Ring/000349_synth_w49.png,Edge-Ring
Edge-Ring/000350_synth_w50.png,Edge-Ring
Edge-Ring/000351_synth_w51.png,Edge-Ring
Edge-Ring/000352_synth_w52.png,Edge-Ring
Edge-Ring/000353_synth_w53.png,Edge-Ring
Edge-Ring/000354_synth_w54.png,Edge-Ring
Edge-Ring/000355_synth_w55.png,Edge-Ring
Edge-Ring/000356_synth_w56.png,Edge-Ring
Edge-Ring/000357_synth_w57.png,Edge-Ring
Edge-Ring/000358_synth_w58.png,Edge-Ring
Edge-Ring/000359_synth_w59.png,Edge-Ring
Edge-Ring/000360_synth_w60.png,Edge-Ring
Edge-Ring/000361_synth_w61.png,Edge-Ring
Edge-Ring/000362_synth_w62.png,Edge-Ring
Edge-Ring/000363_synth_w63.png,Edge-Ring
Edge-Ring/000364_synth_w64.png,Edge-Ring
Edge-Ring/000365_synth_w65.png,Edge-Ring
Edge-Ring/000366_synth_w66.png,Edge-Ring
Edge-Ring/000367_synth_w67.png,Edge-Ring
Edge-Ring/000368_synth_w68.png,Edge-Ring
Edge-Ring/000369_synth_w69.png,Edge-Ring
Edge-Ring/000370_synth_w70.png,Edge-Ring
Edge-Ring/000371_synth_w71.png,Edge-Ring
Edge-Ring/000372_synth_w72.png,Edge-Ring
Edge-Ring/000373_synth_w73.png,Edge-Ring
Edge-Ring/000374_synth_w74.png,Edge-Ring
Edge-Ring/000375_synth_w75.png,Edge-Ring
Edge-Ring/000376_synth_w76.png,Edge-Ring
Edge-Ring/000377_synth_w77.png,Edge-Ring
Edge-Ring/000378_synth_w78.png,Edge-Ring
Edge-Ring/000379_synth_w79.png,Edge-Ring
Edge-Ring/000380_synth_w80.png,Edge-Ring
Edge-Ring/000381_synth_w81.png,Edge-Ring
Edge-Ring/000382_synth_w82.png,Edge-Ring
Edge-Ring/000383_synth_w83.png,Edge-Ring
Edge-Ring/000384_synth_w84.png,Edge-Ring
Edge-Ring/000385_synth_w85.png,Edge-Ring
Edge-Ring/000386_synth_w86.png,Edge-Ring
Edge-Ring/000387_synth_w87.png,Edge-Ring
Edge-Ring/000388_synth_w88.png,Edge-Ring
Edge-Ring/000389_synth_w89.png,Edge-Ring
Edge-Ring/000390_synth_w90.png,Edge-Ring
Edge-Ring/000391_synth_w91.png,Edge-Ring
Edge-Ring/000392_synth_w92.png,Edge-Ring
Edge-Ring/000393_synth_w93.png,Edge-Ring
Edge-Ring/000394_synth_w94.png,Edge-Ring
Edge-Ring/000395_synth_w95.png,Edge-Ring
Edge-Ring/000396_synth_w96.png,Edge-Ring
Edge-Ring/000397_synth_w97.png,Edge-Ring
Edge-Ring/000398_synth_w98.png,Edge-Ring
Edge-Ring/000399_synth_w99.png,Edge-Ring
Edge-Loc/000400_synth_w0.png,Edge-Loc
Edge-Loc/000401_synth_w1.png,Edge-Loc
Edge-Loc/000402_synth_w2.png,Edge-Loc
Edge-Loc/000403_synth_w3.png,Edge-Loc
Edge-Loc/000404_synth_w4.png,Edge-Loc
Edge-Loc/000405_synth_w5.png,Edge-Loc
Edge-Loc/000406_synth_w6.png,Edge-Loc
Edge-Loc/000407_synth_w7.png,Edge-Loc
Edge-Loc/000408_synth_w8.png,Edge-Loc
Edge-Loc/000409_synth_w9.png,Edge-Loc
Edge-Loc/000410_synth_w10.png,Edge-Loc
Edge-Loc/000411_synth_w11.png,Edge-Loc
Edge-Loc/000412_synth_w12.png,Edge-Loc
Edge-Loc/000413_synth_w13.png,Edge-Loc
Edge-Loc/000414_synth_w14.png,Edge-Loc
Edge-Loc/000415_synth_w15.png,Edge-Loc
Edge-Loc/000416_synth_w16.png,Edge-Loc
Edge-Loc/000417_synth_w17.png,Edge-Loc
Edge-Loc/000418_synth_w18.png,Edge-Loc
Edge-Loc/000419_synth_w19.png,Edge-Loc
Edge-Loc/000420_synth_w20.png,Edge-Loc
Edge-Loc/000421_synth_w21.png,Edge-Loc
Edge-Loc/000422_synth_w22.png,Edge-Loc
Edge-Loc/000423_synth_w23.png,Edge-Loc
Edge-Loc/000424_synth_w24.png,Edge-Loc
Edge-Loc/000425_synth_w25.png,Edge-Loc
Edge-Loc/000426_synth_w26.png,Edge-Loc
Edge-Loc/000427_synth_w27.png,Edge-Loc
Edge-Loc/000428_synth_w28.png,Edge-Loc
Edge-Loc/000429_synth_w29.png,Edge-Loc
Edge-Loc/000430_synth_w30.png,Edge-Loc
Edge-Loc/000431_synth_w31.png,Edge-Loc
Edge-Loc/000432_synth_w32.png,Edge-Loc
Edge-Loc/000433_synth_w33.png,Edge-Loc
Edge-Loc/000434_synth_w34.png,Edge-Loc
Edge-Loc/000435_synth_w35.png,Edge-Loc
Edge-Loc/000436_synth_w36.png,Edge-Loc
Edge-Loc/000437_synth_w37.png,Edge-Loc
Edge-Loc/000438_synth_w38.png,Edge-Loc
Edge-Loc/000439_synth_w39.png,Edge-Loc
Edge-Loc/000440_synth_w40.png,Edge-Loc
Edge-Loc/000441_synth_w41.png,Edge-Loc
Edge-Loc/000442_synth_w42.png,Edge-Loc
Edge-Loc/000443_synth_w43.png,Edge-Loc
Edge-Loc/000444_synth_w44.png,Edge-Loc
Edge-Loc/000445_synth_w45.png,Edge-Loc
Edge-Loc/000446_synth_w46.png,Edge-Loc
Edge-Loc/000447_synth_w47.png,Edge-Loc
Edge-Loc/000448_synth_w48.png,Edge-Loc
Edge-Loc/000449_synth_w49.png,Edge-Loc
Edge-Loc/000450_synth_w50.png,Edge-Loc
Edge-Loc/000451_synth_w51.png,Edge-Loc
Edge-Loc/000452_synth_w52.png,Edge-Loc
Edge-Loc/000453_synth_w53.png,Edge-Loc
Edge-Loc/000454_synth_w54.png,Edge-Loc
Edge-Loc/000455_synth_w55.png,Edge-Loc
Edge-Loc/000456_synth_w56.png,Edge-Loc
Edge-Loc/000457_synth_w57.png,Edge-Loc
Edge-Loc/000458_synth_w58.png,Edge-Loc
Edge-Loc/000459_synth_w59.png,Edge-Loc
Edge-Loc/000460_synth_w60.png,Edge-Loc
Edge-Loc/000461_synth_w61.png,Edge-Loc
Edge-Loc/000462_synth_w62.png,Edge-Loc
Edge-Loc/000463_synth_w63.png,Edge-Loc
Edge-Loc/000464_synth_w64.png,Edge-Loc
Edge-Loc/000465_synth_w65.png,Edge-Loc
Edge-Loc/000466_synth_w66.png,Edge-Loc
Edge-Loc/000467_synth_w67.png,Edge-Loc
Edge-Loc/000468_synth_w68.png,Edge-Loc
Edge-Loc/000469_synth_w69.png,Edge-Loc
Edge-Loc/000470_synth_w70.png,Edge-Loc
Edge-Loc/000471_synth_w71.png,Edge-Loc
Edge-Loc/000472_synth_w72.png,Edge-Loc
Edge-Loc/000473_synth_w73.png,Edge-Loc
Edge-Loc/000474_synth_w74.png,Edge-Loc
Edge-Loc/000475_synth_w75.png,Edge-Loc
Edge-Loc/000476_synth_w76.png,Edge-Loc
Edge-Loc/000477_synth_w77.png,Edge-Loc
Edge-Loc/000478_synth_w78.png,Edge-Loc
Edge-Loc/000479_synth_w79.png,Edge-Loc
Edge-Loc/000480_synth_w80.png,Edge-Loc
Edge-Loc/000481_synth_w81.png,Edge-Loc
Edge-Loc/000482_synth_w82.png,Edge-Loc
Edge-Loc/000483_synth_w83.png,Edge-Loc
Edge-Loc/000484_synth_w84.png,Edge-Loc
Edge-Loc/000485_synth_w85.png,Edge-Loc
Edge-Loc/000486_synth_w86.png,Edge-Loc
Edge-Loc/000487_synth_w87.png,Edge-Loc
Edge-Loc/000488_synth_w88.png,Edge-Loc
Edge-Loc/000489_synth_w89.png,Edge-Loc
Edge-Loc/000490_synth_w90.png,Edge-Loc
Edge-Loc/000491_synth_w91.png,Edge-Loc
Edge-Loc/000492_synth_w92.png,Edge-Loc
Edge-Loc/000493_synth_w93.png,Edge-Loc
Edge-Loc/000494_synth_w94.png,Edge-Loc
Edge-Loc/000495_synth_w95.png,Edge-Loc
Edge-Loc/000496_synth_w96.png,Edge-Loc
Edge-Loc/000497_synth_w97.png,Edge-Loc
Edge-Loc/000498_synth_w98.png,Edge-Loc
Edge-Loc/000499_synth_w99.png,Edge-Loc
Loc/000500_synth_w0.png,Loc
Loc/000501_synth_w1.png,Loc
Loc/000502_synth_w2.png,Loc
Loc/000503_synth_w3.png,Loc
Loc/000504_synth_w4.png,Loc
Loc/000505_synth_w5.png,Loc
Loc/000506_synth_w6.png,Loc
Loc/000507_synth_w7.png,Loc
Loc/000508_synth_w8.png,Loc
Loc/000509_synth_w9.png,Loc
Loc/000510_synth_w10.png,Loc
Loc/000511_synth_w11.png,Loc
Loc/000512_synth_w12.png,Loc
Loc/000513_synth_w13.png,Loc
Loc/000514_synth_w14.png,Loc
Loc/000515_synth_w15.png,Loc
Loc/000516_synth_w16.png,Loc
Loc/000517_synth_w17.png,Loc
Loc/000518_synth_w18.png,Loc
Loc/000519_synth_w19.png,Loc
Loc/000520_synth_w20.png,Loc
Loc/000521_synth_w21.png,Loc
Loc/000522_synth_w22.png,Loc
Loc/000523_synth_w23.png,Loc
Loc/000524_synth_w24.png,Loc
Loc/000525_synth_w25.png,Loc
Loc/000526_synth_w26.png,Loc
Loc/000527_synth_w27.png,Loc
Loc/000528_synth_w28.png,Loc
Loc/000529_synth_w29.png,Loc
Loc/000530_synth_w30.png,Loc
Loc/000531_synth_w31.png,Loc
Loc/000532_synth_w32.png,Loc
Loc/000533_synth_w33.png,Loc
Loc/000534_synth_w34.png,Loc
Loc/000535_synth_w35.png,Loc
Loc/000536_synth_w36.png,Loc
Loc/000537_synth_w37.png,Loc
Loc/000538_synth_w38.png,Loc
Loc/000539_synth_w39.png,Loc
Loc/000540_synth_w40.png,Loc
Loc/000541_synth_w41.png,Loc
Loc/000542_synth_w42.png,Loc
Loc/000543_synth_w43.png,Loc
Loc/000544_synth_w44.png,Loc
Loc/000545_synth_w45.png,Loc
Loc/000546_synth_w46.png,Loc
Loc/000547_synth_w47.png,Loc
Loc/000548_synth_w48.png,Loc
Loc/000549_synth_w49.png,Loc
Loc/000550_synth_w50.png,Loc
Loc/000551_synth_w51.png,Loc
Loc/000552_synth_w52.png,Loc
Loc/000553_synth_w53.png,Loc
Loc/000554_synth_w54.png,Loc
Loc/000555_synth_w55.png,Loc
Loc/000556_synth_w56.png,Loc
Loc/000557_synth_w57.png,Loc
Loc/000558_synth_w58.png,Loc
Loc/000559_synth_w59.png,Loc
Loc/000560_synth_w60.png,Loc
Loc/000561_synth_w61.png,Loc
Loc/000562_synth_w62.png,Loc
Loc/000563_synth_w63.png,Loc
Loc/000564_synth_w64.png,Loc
Loc/000565_synth_w65.png,Loc
Loc/000566_synth_w66.png,Loc
Loc/000567_synth_w67.png,Loc
Loc/000568_synth_w68.png,Loc
Loc/000569_synth_w69.png,Loc
Loc/000570_synth_w70.png,Loc
Loc/000571_synth_w71.png,Loc
Loc/000572_synth_w72.png,Loc
Loc/000573_synth_w73.png,Loc
Loc/000574_synth_w74.png,Loc
Loc/000575_synth_w75.png,Loc
Loc/000576_synth_w76.png,Loc
Loc/000577_synth_w77.png,Loc
Loc/000578_synth_w78.png,Loc
Loc/000579_synth_w79.png,Loc
Loc/000580_synth_w80.png,Loc
Loc/000581_synth_w81.png,Loc
Loc/000582_synth_w82.png,Loc
Loc/000583_synth_w83.png,Loc
Loc/000584_synth_w84.png,Loc
Loc/000585_synth_w85.png,Loc
Loc/000586_synth_w86.png,Loc
Loc/000587_synth_w87.png,Loc
Loc/000588_synth_w88.png,Loc
Loc/000589_synth_w89.png,Loc
Loc/000590_synth_w90.png,Loc
Loc/000591_synth_w91.png,Loc
Loc/000592_synth_w92.png,Loc
Loc/000593_synth_w93.png,Loc
Loc/000594_synth_w94.png,Loc
Loc/000595_synth_w95.png,Loc
Loc/000596_synth_w96.png,Loc
Loc/000597_synth_w97.png,Loc
Loc/000598_synth_w98.png,Loc
Loc/000599_synth_w99.png,Loc
Random/000600_synth_w0.png,Random
Random/000601_synth_w1.png,Random
Random/000602_synth_w2.png,Random
Random/000603_synth_w3.png,Random
Random/000604_synth_w4.png,Random
Random/000605_synth_w5.png,Random
Random/000606_synth_w6.png,Random
Random/000607_synth_w7.png,Random
Random/000608_synth_w8.png,Random
Random/000609_synth_w9.png,Random
Random/000610_synth_w10.png,Random
Random/000611_synth_w11.png,Random
Random/000612_synth_w12.png,Random
Random/000613_synth_w13.png,Random
Random/000614_synth_w14.png,Random
Random/000615_synth_w15.png,Random
Random/000616_synth_w16.png,Random
Random/000617_synth_w17.png,Random
Random/000618_synth_w18.png,Random
Random/000619_synth_w19.png,Random
Random/000620_synth_w20.png,Random
Random/000621_synth_w21.png,Random
Random/000622_synth_w22.png,Random
Random/000623_synth_w23.png,Random
Random/000624_synth_w24.png,Random
Random/000625_synth_w25.png,Random
Random/000626_synth_w26.png,Random
Random/000627_synth_w27.png,Random
Random/000628_synth_w28.png,Random
Random/000629_synth_w29.png,Random
Random/000630_synth_w30.png,Random
Random/000631_synth_w31.png,Random
Random/000632_synth_w32.png,Random
Random/000633_synth_w33.png,Random
Random/000634_synth_w34.png,Random
Random/000635_synth_w35.png,Random
Random/000636_synth_w36.png,Random
Random/000637_synth_w37.png,Random
Random/000638_synth_w38.png,Random
Random/000639_synth_w39.png,Random
Random/000640_synth_w40.png,Random
Random/000641_synth_w41.png,Random
Random/000642_synth_w42.png,Random
Random/000643_synth_w43.png,Random
Random/000644_synth_w44.png,Random
Random/000645_synth_w45.png,Random
Random/000646_synth_w46.png,Random
Random/000647_synth_w47.png,Random
Random/000648_synth_w48.png,Random
Random/000649_synth_w49.png,Random
Random/000650_synth_w50.png,Random
Random/000651_synth_w51.png,Random
Random/000652_synth_w52.png,Random
Random/000653_synth_w53.png,Random
Random/000654_synth_w54.png,Random
Random/000655_synth_w55.png,Random
Random/000656_synth_w56.png,Random
Random/000657_synth_w57.png,Random
Random/000658_synth_w58.png,Random
Random/000659_synth_w59.png,Random
Random/000660_synth_w60.png,Random
Random/000661_synth_w61.png,Random
Random/000662_synth_w62.png,Random
Random/000663_synth_w63.png,Random
Random/000664_synth_w64.png,Random
Random/000665_synth_w65.png,Random
Random/000666_synth_w66.png,Random
Random/000667_synth_w67.png,Random
Random/000668_synth_w68.png,Random
Random/000669_synth_w69.png,Random
Random/000670_synth_w70.png,Random
Random/000671_synth_w71.png,Random
Random/000672_synth_w72.png,Random
Random/000673_synth_w73.png,Random
Random/000674_synth_w74.png,Random
Random/000675_synth_w75.png,Random
Random/000676_synth_w76.png,Random
Random/000677_synth_w77.png,Random
Random/000678_synth_w78.png,Random
Random/000679_synth_w79.png,Random
Random/000680_synth_w80.png,Random
Random/000681_synth_w81.png,Random
Random/000682_synth_w82.png,Random
Random/000683_synth_w83.png,Random
Random/000684_synth_w84.png,Random
Random/000685_synth_w85.png,Random
Random/000686_synth_w86.png,Random
Random/000687_synth_w87.png,Random
Random/000688_synth_w88.png,Random
Random/000689_synth_w89.png,Random
Random/000690_synth_w90.png,Random
Random/000691_synth_w91.png,Random
Random/000692_synth_w92.png,Random
Random/000693_synth_w93.png,Random
Random/000694_synth_w94.png,Random
Random/000695_synth_w95.png,Random
Random/000696_synth_w96.png,Random
Random/000697_synth_w97.png,Random
Random/000698_synth_w98.png,Random
Random/000699_synth_w99.png,Random
Scratch/000700_synth_w0.png,Scratch
Scratch/000701_synth_w1.png,Scratch
Scratch/000702_synth_w2.png,Scratch
Scratch/000703_synth_w3.png,Scratch
Scratch/000704_synth_w4.png,Scratch
Scratch/000705_synth_w5.png,Scratch
Scratch/000706_synth_w6.png,Scratch
Scratch/000707_synth_w7.png,Scratch
Scratch/000708_synth_w8.png,Scratch
Scratch/000709_synth_w9.png,Scratch
Scratch/000710_synth_w10.png,Scratch
Scratch/000711_synth_w11.png,Scratch
Scratch/000712_synth_w12.png,Scratch
Scratch/000713_synth_w13.png,Scratch
Scratch/000714_synth_w14.png,Scratch
Scratch/000715_synth_w15.png,Scratch
Scratch/000716_synth_w16.png,Scratch
Scratch/000717_synth_w17.png,Scratch
Scratch/000718_synth_w18.png,Scratch
Scratch/000719_synth_w19.png,Scratch
Scratch/000720_synth_w20.png,Scratch
Scratch/000721_synth_w21.png,Scratch
Scratch/000722_synth_w22.png,Scratch
Scratch/000723_synth_w23.png,Scratch
Scratch/000724_synth_w24.png,Scratch
Scratch/000725_synth_w25.png,Scratch
Scratch/000726_synth_w26.png,Scratch
Scratch/000727_synth_w27.png,Scratch
Scratch/000728_synth_w28.png,Scratch
Scratch/000729_synth_w29.png,Scratch
Scratch/000730_synth_w30.png,Scratch
Scratch/000731_synth_w31.png,Scratch
Scratch/000732_synth_w32.png,Scratch
Scratch/000733_synth_w33.png,Scratch
Scratch/000734_synth_w34.png,Scratch
Scratch/000735_synth_w35.png,Scratch
Scratch/000736_synth_w36.png,Scratch
Scratch/000737_synth_w37.png,Scratch
Scratch/000738_synth_w38.png,Scratch
Scratch/000739_synth_w39.png,Scratch
Scratch/000740_synth_w40.png,Scratch
Scratch/000741_synth_w41.png,Scratch
Scratch/000742_synth_w42.png,Scratch
Scratch/000743_synth_w43.png,Scratch
Scratch/000744_synth_w44.png,Scratch
Scratch/000745_synth_w45.png,Scratch
Scratch/000746_synth_w46.png,Scratch
Scratch/000747_synth_w47.png,Scratch
Scratch/000748_synth_w48.png,Scratch
Scratch/000749_synth_w49.png,Scratch
Scratch/000750_synth_w50.png,Scratch
Scratch/000751_synth_w51.png,Scratch
Scratch/000752_synth_w52.png,Scratch
Scratch/000753_synth_w53.png,Scratch
Scratch/000754_synth_w54.png,Scratch
Scratch/000755_synth_w55.png,Scratch
Scratch/000756_synth_w56.png,Scratch
Scratch/000757_synth_w57.png,Scratch
Scratch/000758_synth_w58.png,Scratch
Scratch/000759_synth_w59.png,Scratch
Scratch/000760_synth_w60.png,Scratch
Scratch/000761_synth_w61.png,Scratch
Scratch/000762_synth_w62.png,Scratch
Scratch/000763_synth_w63.png,Scratch
Scratch/000764_synth_w64.png,Scratch
Scratch/000765_synth_w65.png,Scratch
Scratch/000766_synth_w66.png,Scratch
Scratch/000767_synth_w67.png,Scratch
Scratch/000768_synth_w68.png,Scratch
Scratch/000769_synth_w69.png,Scratch
Scratch/000770_synth_w70.png,Scratch
Scratch/000771_synth_w71.png,Scratch
Scratch/000772_synth_w72.png,Scratch
Scratch/000773_synth_w73.png,Scratch
Scratch/000774_synth_w74.png,Scratch
Scratch/000775_synth_w75.png,Scratch
Scratch/000776_synth_w76.png,Scratch
Scratch/000777_synth_w77.png,Scratch
Scratch/000778_synth_w78.png,Scratch
Scratch/000779_synth_w79.png,Scratch
Scratch/000780_synth_w80.png,Scratch
Scratch/000781_synth_w81.png,Scratch
Scratch/000782_synth_w82.png,Scratch
Scratch/000783_synth_w83.png,Scratch
Scratch/000784_synth_w84.png,Scratch
Scratch/000785_synth_w85.png,Scratch
Scratch/000786_synth_w86.png,Scratch
Scratch/000787_synth_w87.png,Scratch
Scratch/000788_synth_w88.png,Scratch
Scratch/000789_synth_w89.png,Scratch
Scratch/000790_synth_w90.png,Scratch
Scratch/000791_synth_w91.png,Scratch
Scratch/000792_synth_w92.png,Scratch
Scratch/000793_synth_w93.png,Scratch
Scratch/000794_synth_w94.png,Scratch
Scratch/000795_synth_w95.png,Scratch
Scratch/000796_synth_w96.png,Scratch
Scratch/000797_synth_w97.png,Scratch
Scratch/000798_synth_w98.png,Scratch
Scratch/000799_synth_w99.png,Scratch
Near-full/000800_synth_w0.png,Near-full
Near-full/000801_synth_w1.png,Near-full
Near-full/000802_synth_w2.png,Near-full
Near-full/000803_synth_w3.png,Near-full
Near-full/000804_synth_w4.png,Near-full
Near-full/000805_synth_w5.png,Near-full
Near-full/000806_synth_w6.png,Near-full
Near-full/000807_synth_w7.png,Near-full
Near-full/000808_synth_w8.png,Near-full
Near-full/000809_synth_w9.png,Near-full
Near-full/000810_synth_w10.png,Near-full
Near-full/000811_synth_w11.png,Near-full
Near-full/000812_synth_w12.png,Near-full
Near-full/000813_synth_w13.png,Near-full
Near-full/000814_synth_w14.png,Near-full
Near-full/000815_synth_w15.png,Near-full
Near-full/000816_synth_w16.png,Near-full
Near-full/000817_synth_w17.png,Near-full
Near-full/000818_synth_w18.png,Near-full
Near-full/000819_synth_w19.png,Near-full
Near-full/000820_synth_w20.png,Near-full
Near-full/000821_synth_w21.png,Near-full
Near-full/000822_synth_w22.png,Near-full
Near-full/000823_synth_w23.png,Near-full
Near-full/000824_synth_w24.png,Near-full
Near-full/000825_synth_w25.png,Near-full
Near-full/000826_synth_w26.png,Near-full
Near-full/000827_synth_w27.png,Near-full
Near-full/000828_synth_w28.png,Near-full
Near-full/000829_synth_w29.png,Near-full
Near-full/000830_synth_w30.png,Near-full
Near-full/000831_synth_w31.png,Near-full
Near-full/000832_synth_w32.png,Near-full
Near-full/000833_synth_w33.png,Near-full
Near-full/000834_synth_w34.png,Near-full
Near-full/000835_synth_w35.png,Near-full
Near-full/000836_synth_w36.png,Near-full
Near-full/000837_synth_w37.png,Near-full
Near-full/000838_synth_w38.png,Near-full
Near-full/000839_synth_w39.png,Near-full
Near-full/000840_synth_w40.png,Near-full
Near-full/000841_synth_w41.png,Near-full
Near-full/000842_synth_w42.png,Near-full
Near-full/000843_synth_w43.png,Near-full
Near-full/000844_synth_w44.png,Near-full
Near-full/000845_synth_w45.png,Near-full
Near-full/000846_synth_w46.png,Near-full
Near-full/000847_synth_w47.png,Near-full
Near-full/000848_synth_w48.png,Near-full
Near-full/000849_synth_w49.png,Near-full
Near-full/000850_synth_w50.png,Near-full
Near-full/000851_synth_w51.png,Near-full
Near-full/000852_synth_w52.png,Near-full
Near-full/000853_synth_w53.png,Near-full
Near-full/000854_synth_w54.png,Near-full
Near-full/000855_synth_w55.png,Near-full
Near-full/000856_synth_w56.png,Near-full
Near-full/000857_synth_w57.png,Near-full
Near-full/000858_synth_w58.png,Near-full
Near-full/000859_synth_w59.png,Near-full
Near-full/000860_synth_w60.png,Near-full
Near-full/000861_synth_w61.png,Near-full
Near-full/000862_synth_w62.png,Near-full
Near-full/000863_synth_w63.png,Near-full
Near-full/000864_synth_w64.png,Near-full
Near-full/000865_synth_w65.png,Near-full
Near-full/000866_synth_w66.png,Near-full
Near-full/000867_synth_w67.png,Near-full
Near-full/000868_synth_w68.png,Near-full
Near-full/000869_synth_w69.png,Near-full
Near-full/000870_synth_w70.png,Near-full
Near-full/000871_synth_w71.png,Near-full
Near-full/000872_synth_w72.png,Near-full
Near-full/000873_synth_w73.png,Near-full
Near-full/000874_synth_w74.png,Near-full
Near-full/000875_synth_w75.png,Near-full
Near-full/000876_synth_w76.png,Near-full
Near-full/000877_synth_w77.png,Near-full
Near-full/000878_synth_w78.png,Near-full
Near-full/000879_synth_w79.png,Near-full
Near-full/000880_synth_w80.png,Near-full
Near-full/000881_synth_w81.png,Near-full
Near-full/000882_synth_w82.png,Near-full
Near-full/000883_synth_w83.png,Near-full
Near-full/000884_synth_w84.png,Near-full
Near-full/000885_synth_w85.png,Near-full
Near-full/000886_synth_w86.png,Near-full
Near-full/000887_synth_w87.png,Near-full
Near-full/000888_synth_w88.png,Near-full
Near-full/000889_synth_w89.png,Near-full
Near-full/000890_synth_w90.png,Near-full
Near-full/000891_synth_w91.png,Near-full
Near-full/000892_synth_w92.png,Near-full
Near-full/000893_synth_w93.png,Near-full
Near-full/000894_synth_w94.png,Near-full
Near-full/000895_synth_w95.png,Near-full
Near-full/000896_synth_w96.png,Near-full
Near-full/000897_synth_w97.png,Near-full
Near-full/000898_synth_w98.png,Near-full
Near-full/000899_synth_w99.png,Near-full
